prima_asigurare,tip_plata,suma,tip_polita
326.7,CASH,326.7,1
235.12,CASH,235.12,1
285,CASH,285,1
349.8,CASH,349.8,1
482,CASH,482,1
525,CASH,525,1
324.33,CASH,324.33,1
482,CASH,482,1
290.4,CASH,290.4,1
356.4,CASH,356.4,1
283,CASH,283,1
354.25,CASH,354.25,1
181.5,CASH,181.5,1
324.33,CASH,324.33,1
324.33,CASH,0.01,1
172.42,CASH,0,1
172.42,CASH,172.42,1
283,CASH,283,1
283,CASH,0,1
172.42,CASH,0,1
172.42,CASH,172.42,1
349.8,CASH,349.8,1
349.8,CASH,0,1
240,CASH,240,3
52.8,CASH,52.8,1
357.61,CASH,357.61,1
1212,OP,1212,1
106,OP,106,1
106,OP,106,1
53,OP,53,1
2653.02,OP,2653.02,1
723.52,OP,723.52,17
3150,OP,789,1
3150,OP,787,1
3150,OP,787,1
3150,OP,789,1
3150,OP,789,1
3150,OP,787,1
770,OP,818.72,2
770,OP,818.72,2
3150,OP,787.5,1
3150,OP,787.5,1
3150,OP,787.5,1
1261.24,OP,539.1,2
1261.24,OP,539.1,2
1261.24,OP,539.1,2
171,OP,724.78,17
965,CASH,483,1
850,CASH,850,1
234.77,CASH,109.76,2
2500,CASH,625,1
2500,CASH,625,1
2500,CASH,625,1
2500,CASH,625,1
203.37,CASH,203.37,1
588.71,CASH,588.71,1
513,CASH,513,1
339,CASH,87,1
3528.3,CASH,882.3,1
190.14,CASH,190.14,17
700,OP,741.07,5
259,CASH,259,1
76,CASH,76,1
276,CASH,276,1
45,CASH,45,1
1224,CASH,1224,1
504,CASH,504,1
1011,CASH,1011,1
1011,CASH,1011,1
367.5,CASH,367.5,1
457,CASH,457,1
342,CASH,148.21,2
342,CASH,148.38,2
166,CASH,166,1
143.64,CASH,143.64,1
324.33,CASH,324.33,1
354.25,CASH,354.25,1
230,CASH,80,3
564.35,CASH,564.35,3
1700,CASH,1775.86,2
1700,OP,1775.86,2
1700,CASH,1797.62,2
1700,CASH,1797.62,2
1700,OP,1775.86,2
1700,CASH,1775.86,2
1694,CASH,1797.11,2
237,CASH,237,1
2965.14,OP,2965.14,1
858,OP,913.36,2
308.03,OP,308.03,3
308.03,CASH,308.03,3
339.02,CASH,84.74,3
339.02,OP,84.74,3
56.96,OP,14.24,3
56.96,CASH,14.24,3
600,CASH,600,1
600,CASH,600,1
405,CASH,405,1
1974.21,OP,695.5,2
1974.21,CASH,695.5,2
235.12,CASH,235.12,1
23.31,CASH,97.58,6
324.33,CASH,324.33,1
324.33,CASH,0,1
614.52,CASH,614.52,1
283,CASH,283,1
172.42,CASH,172.42,1
222.5,CASH,222.5,1
235.12,CASH,235.12,1
172.42,CASH,172.42,1
324.33,CASH,324.33,1
283,CASH,283,1
60.83,CASH,60.83,1
405,CASH,405,1
325,CASH,325,1
31.5,CASH,31.5,1
189.99,CASH,189.99,1
41.65,CASH,41.65,1
211.38,CASH,211.38,1
211.38,CASH,211.38,1
482,CASH,482,1
1417.8,CASH,1417.8,1
1575,CASH,1575,1
476,CASH,476,1
140.94,CASH,140.94,1
111.9,CASH,111.9,1
202.77,CASH,202.77,1
224.81,CASH,224.81,1
284.35,CASH,284.35,1
172.42,CASH,172.42,1
163.35,CASH,163.35,1
356,OP,377.99,2
1287,OP,465.6,2
54.05,CASH,54.05,1
207,CASH,207,1
1023.88,CASH,363.87,2
1023.88,CASH,363.7,2
211.38,CASH,211.38,1
482,CASH,482,1
222.5,CASH,222.5,1
405,CASH,405,1
222.5,CASH,222.5,1
30.25,CASH,30.25,1
189,CASH,189,1
498.96,CASH,498.96,1
36,CASH,36,4
18,CASH,18,4
18,CASH,18,4
18,CASH,18,4
21.5,CASH,21.5,4
281,CASH,281,1
162,CASH,162,1
110.67,CASH,110.67,1
190.15,CASH,190.15,1
207.86,CASH,207.86,1
249.78,OP,249.78,1
161.26,OP,161.26,1
378,CASH,378,1
405,CASH,405,1
54,CASH,54,1
211.38,CASH,211.38,1
482,CASH,482,1
1575,CASH,1575,1
222.5,CASH,222.5,1
225.08,CASH,225.08,1
458.15,OP,458.15,1
156.33,OP,156.33,1
1762,CASH,176,2
1762,CASH,178,2
566.77,CASH,604.55,2
2.5,CASH,10.59,6
25.4,CASH,25.4,4
25.4,CASH,25.4,4
60,CASH,63.52,3
20,CASH,84.69,3
25.4,CASH,25.4,4
21.59,CASH,21.59,4
166.86,CASH,166.86,1
322.9,CASH,322.9,1
10,CASH,42.3,3
20,CASH,84.59,3
26.7,CASH,26.7,4
305.91,CASH,305.91,1
189,CASH,189,1
224.91,CASH,224.91,1
24.1,CASH,24.1,4
189,CASH,189,1
5,CASH,21.23,6
41.65,CASH,41.65,1
340.2,CASH,340.2,1
339.9,CASH,339.9,1
141,CASH,141,4
820.7,OP,351.14,2
575.28,OP,575.28,1
135.47,OP,135.47,1
146.88,OP,146.88,1
450,CASH,450,1
43,CASH,43,4
43,CASH,43,4
86,CASH,86,4
43,CASH,43,4
43,CASH,43,4
312,CASH,312,1
59,CASH,59,4
59,CASH,59,4
170.1,CASH,170.1,1
222,CASH,222,1
166.86,CASH,166.86,1
305.91,CASH,305.91,1
921,OP,921,1
264,CASH,264,1
250,CASH,250,1
1675,CASH,3559,2
378.41,CASH,378.41,1
405,OP,405,1
273.52,CASH,273.52,1
212.58,CASH,212.58,1
211.38,OP,211.38,1
201.95,CASH,201.95,1
1122,OP,1122,1
1095.08,OP,4672.05,2
71,CASH,301.49,17
200.25,OP,200.25,1
530,OP,530,1
20.6,CASH,20.6,4
20.6,CASH,20.6,4
20.6,CASH,20.6,4
20.6,CASH,20.6,4
102.52,CASH,102.52,1
207,CASH,207,1
254.02,CASH,254.02,1
76.7,CASH,76.7,1
625,CASH,625,1
205.69,CASH,205.69,1
207,CASH,207,1
282.46,CASH,282.46,1
185.07,CASH,185.07,1
230.01,CASH,230.01,1
294.69,CASH,294.69,1
270.3,CASH,270.3,1
207.57,CASH,207.57,1
223.99,OP,223.99,1
150.55,OP,150.55,1
182.17,OP,182.17,1
684.42,CASH,684.42,1
97.68,CASH,97.68,1
535.2,CASH,535.2,1
538.9,OP,538.9,1
284.24,OP,284.24,1
282.46,OP,282.46,1
350.31,OP,350.31,1
342.21,OP,342.21,1
218.51,CASH,218.51,1
282.46,CASH,282.46,1
510,OP,510,2
204.94,CASH,204.94,1
230.25,CASH,230.25,1
305.91,CASH,305.91,1
414.01,CASH,414.01,1
179.26,CASH,179.26,1
302.94,CASH,302.94,1
414.01,CASH,414.01,1
159.89,CASH,159.89,1
116.28,CASH,116.28,1
250.49,CASH,250.49,1
256.79,CASH,256.79,1
218.51,CASH,218.51,1
305.91,CASH,305.91,1
370.8,CASH,370.8,1
74.8,OP,74.8,1
276.21,CASH,276.21,1
250.49,OP,250.49,1
250.49,OP,250.49,1
295.55,CASH,295.55,1
159.89,CASH,159.89,1
170.1,CASH,170.1,1
333.72,CASH,333.72,1
342.9,CASH,342.9,1
630,CASH,180,3
630,CASH,180,3
630,OP,150,3
630,OP,150,3
112.5,CASH,112.5,4
112.5,CASH,112.5,4
240,CASH,240,4
240,CASH,240,4
58.5,CASH,58.5,4
58.5,CASH,58.5,4
58.5,CASH,58.5,4
58.5,CASH,58.5,4
93,CASH,93,4
93,CASH,93,4
72,CASH,72,4
72,CASH,72,4
59,CASH,59,4
59,CASH,59,4
59,CASH,59,4
59,CASH,59,4
81,CASH,81,4
81,CASH,81,4
54,CASH,54,4
54,CASH,54,4
54,CASH,54,4
54,CASH,54,4
52.5,CASH,52.5,4
52.5,CASH,52.5,4
58,CASH,58,4
58,CASH,58,4
59,CASH,59,4
59,CASH,59,4
112.5,CASH,112.5,4
112.5,CASH,112.5,4
59,CASH,59,4
59,CASH,59,4
59,CASH,59,4
59,CASH,59,4
59,CASH,59,4
59,CASH,59,4
107,CASH,107,4
107,CASH,107,4
59,CASH,59,4
59,CASH,59,4
59,CASH,59,4
59,CASH,59,4
59,CASH,59,4
59,CASH,59,4
88.5,CASH,88.5,4
88.5,CASH,88.5,4
88.5,CASH,88.5,4
88.5,CASH,88.5,4
123.9,CASH,123.9,4
123.9,CASH,123.9,4
88.5,CASH,88.5,4
88.5,CASH,88.5,4
59,CASH,59,4
59,CASH,59,4
106.2,CASH,106.2,4
106.2,CASH,106.2,4
59,CASH,59,4
59,CASH,59,4
59,CASH,59,4
59,CASH,59,4
59,CASH,59,4
59,CASH,59,4
190.57,CASH,190.57,4
190.57,CASH,190.57,4
41,CASH,175.65,3
41,CASH,175.65,3
100,CASH,100,3
100,CASH,100,3
312.5,CASH,312.5,4
312.5,CASH,312.5,4
72,CASH,155,3
72,CASH,155,3
72,CASH,150.32,3
72,CASH,150.32,3
88.5,CASH,88.5,4
88.5,CASH,88.5,4
8700,OP,725,3
8700,OP,725,3
8700,OP,725,3
8700,OP,725,3
8700,OP,725,3
8700,OP,725,3
90,CASH,90,1
90,CASH,90,1
2376,CASH,594,3
2376,CASH,594,3
2376,OP,594,3
1804,CASH,451,3
1804,CASH,451,3
1804,OP,451,3
1552,OP,388,3
1552,OP,388,3
464,OP,1976,3
252,CASH,252,3
252,CASH,252,3
6000,OP,6448.2,6
6000,OP,6193.05,6
6000,CASH,6246.15,6
6000,CASH,6246.15,6
11350,OP,2838,6
11350,OP,2838,6
11350,OP,2837,6
11350,OP,2837,6
504,OP,1074,2
504,OP,1031.41,2
3885,OP,972,2
3885,OP,971,2
3885,OP,971,2
3885,OP,971,2
6092,OP,6560.93,3
6092,OP,6472.14,3
6092,OP,6233.49,3
6092,OP,6432.24,3
3174,OP,3424.78,3
3174,OP,3369.93,3
3174,OP,3245.67,3
3174,OP,3349.16,3
8460,OP,9111.21,3
8460,OP,8987.9,3
8460,OP,8656.48,3
8460,OP,8932.49,3
10010,OP,10786.98,3
10010,OP,10632.5,3
10010,OP,10240.44,3
10010,OP,10566.95,3
723,OP,723,1
377,OP,377,1
104,OP,104,1
104,OP,104,1
104,OP,104,1
104,OP,104,1
104,OP,104,1
1015,OP,1015,1
45,OP,45,6
759.5,OP,788.56,2
759.5,OP,792.84,2
759.5,OP,801.08,2
744.61,OP,764.43,2
744.61,OP,780.25,2
744.61,OP,788.36,2
828,OP,207,1
828,OP,207,1
828,OP,207,1
828,OP,207,1
828,OP,207,1
828,OP,207,1
828,OP,207,1
828,OP,207,1
828,OP,207,1
828,OP,207,1
828,OP,207,1
828,OP,207,1
846,OP,211.5,1
846,OP,211.5,1
846,OP,211.5,1
846,OP,211.5,1
846,OP,211.5,1
1737.2,OP,1782.75,2
1737.2,OP,1820.59,2
1737.2,OP,1839.51,2
902.86,OP,933.41,2
902.86,OP,943.85,2
902.86,OP,953.66,2
18,CASH,18,6
18,CASH,18,6
80,CASH,331.29,3
80,CASH,331.29,3
60,CASH,127,3
60,CASH,127,3
60,CASH,123.22,3
60,CASH,123.22,3
94,CASH,401.13,3
94,CASH,401.13,3
40,OP,170.47,3
156,OP,165.73,3
156,CASH,160.26,3
156,CASH,160.26,3
156,CASH,163.45,3
156,CASH,163.45,3
1140,CASH,241.53,3
1140,CASH,241.53,3
450,CASH,950.22,3
450,CASH,950.22,3
450,CASH,950.26,3
450,CASH,950.26,3
222,CASH,222,4
222,CASH,222,4
70,CASH,288.5,3
70,CASH,288.5,3
55,CASH,227,3
55,CASH,227,3
176,CASH,720,3
176,CASH,720,3
1280,OP,5450.24,6
168,CASH,176.9,6
168,CASH,176.9,6
168,OP,172.02,6
168,CASH,182.86,6
168,CASH,182.86,6
2310,OP,822.33,2
2310,OP,810.89,2
2310,CASH,816.56,2
2310,CASH,816.56,2
2310,CASH,813.47,2
2310,CASH,813.47,2
573,CASH,2457.37,3
573,CASH,2457.37,3
480,CASH,480,3
480,CASH,480,3
71,CASH,290.87,3
71,CASH,290.87,3
33,CASH,135.19,3
33,CASH,135.19,3
1500,CASH,205.04,3
1500,CASH,205.04,3
136.7,CASH,136.7,4
136.7,CASH,136.7,4
136.7,CASH,136.7,4
136.7,CASH,136.7,4
416,CASH,416,4
416,CASH,416,4
42.66,CASH,42.66,4
42.66,CASH,42.66,4
42.66,CASH,42.66,4
42.66,CASH,42.66,4
20.6,CASH,20.6,4
20.6,CASH,20.6,4
18.89,CASH,18.89,4
18.89,CASH,18.89,4
20.6,CASH,20.6,4
20.6,CASH,20.6,4
20.6,CASH,20.6,4
20.6,CASH,20.6,4
81,CASH,81,4
81,CASH,81,4
112.5,CASH,112.5,4
112.5,CASH,112.5,4
81,CASH,81,4
81,CASH,81,4
1493,OP,1590,2
1493,OP,1539.37,2
1493,OP,1562.05,2
786,OP,814.53,2
786,OP,832.01,2
39,CASH,39,4
39,CASH,39,4
80,CASH,80,4
80,CASH,80,4
39,CASH,39,4
39,CASH,39,4
39,CASH,39,4
39,CASH,39,4
400,CASH,400,1
400,CASH,400,1
1357,OP,1461.83,5
1357,OP,1440.61,5
1357,OP,1387.49,5
1357,OP,1431.73,5
544,OP,572.04,2
544,OP,561.27,2
544,OP,569.54,2
968,OP,968,1
332,OP,1406.78,6
801,OP,853.08,2
801,OP,859.56,2
801,OP,825.4,2
801,OP,837.56,2
888,OP,935.04,2
888,OP,916.19,2
888,OP,929.69,2
926,OP,1001.13,2
926,OP,950.96,2
926,OP,955.3,2
926,OP,983.97,2
601,OP,648.97,2
601,OP,617.5,2
601,OP,620.32,2
601,OP,638.94,2
1568,OP,1684.74,2
1568,OP,1613.75,2
1568,OP,1621.12,2
1568,OP,1669.76,2
1568,OP,394.94,2
455,OP,495.01,2
455,OP,480.2,2
455,OP,462.5,2
455,OP,477.24,2
455,OP,495.01,2
455,OP,480.2,2
455,OP,462.5,2
455,OP,477.24,2
801,OP,862.23,2
801,OP,849.92,2
801,OP,818.58,2
801,OP,844.68,2
941,OP,1012.3,2
941,OP,998.66,2
941,OP,961.83,2
941,OP,992.5,2
798,OP,862.17,2
798,OP,845.67,2
798,OP,814.49,2
798,OP,840.46,2
731,OP,795.41,2
731,OP,773.43,2
731,OP,744.91,2
731,OP,768.66,2
793,OP,854.8,2
793,OP,815.11,2
793,OP,818.83,2
793,OP,843.4,2
1298,OP,1400.33,2
1298,OP,1333.81,2
1298,OP,1339.9,2
1298,OP,1380.11,2
1008,OP,1008,1
768,OP,384,1
768,OP,384,1
991,OP,496,1
991,OP,495,1
738,OP,369,1
738,OP,369,1
738,OP,369,1
738,OP,369,1
991,OP,496,1
991,OP,495,1
127,OP,64,1
127,OP,63,1
127,OP,64,1
127,OP,63,1
1222,OP,611,1
1222,OP,611,1
1222,OP,611,1
1222,OP,611,1
1222,OP,611,1
1222,OP,611,1
991,OP,496,1
991,OP,495,1
738,OP,369,1
738,OP,369,1
1014,OP,507,1
1014,OP,507,1
738,OP,369,1
957,OP,479,1
957,OP,478,1
991,OP,496,1
991,OP,495,1
646,OP,323,1
646,OP,323,1
738,OP,369,1
738,OP,369,1
1222,OP,611,1
1222,OP,611,1
957,OP,479,1
957,OP,478,1
991,OP,496,1
991,OP,495,1
738,OP,369,1
738,OP,369,1
2166,OP,1083,1
2166,OP,1083,1
957,OP,479,1
957,OP,478,1
957,OP,479,1
957,OP,478,1
957,OP,479,1
957,OP,478,1
202,OP,149.48,3
202,OP,143.04,3
202,OP,151.53,3
202,OP,167.6,3
2464,OP,2646.77,3
2464,OP,2535.89,3
2464,OP,2547.47,3
2464,OP,2623.91,3
2916,OP,3132.29,3
2916,OP,3001.07,3
2916,OP,3014.78,3
2916,OP,3105.25,3
2239,OP,2393.95,3
2239,OP,2301.24,3
2239,OP,2311.74,3
2239,OP,2381.12,3
218,OP,923.73,3
229,OP,970.34,3
414,OP,1754.24,3
1957,OP,2076.28,3
1957,OP,2018.1,3
1957,OP,2047.83,3
1733,OP,1863.08,2
1733,OP,1782.53,2
1733,OP,1790.67,2
1733,OP,1844.41,2
671,OP,727.8,2
671,OP,687.49,2
671,OP,690.63,2
671,OP,711.35,2
563,OP,612.2,2
563,OP,576.34,2
563,OP,578.97,2
563,OP,596.34,2
657,OP,705.84,2
657,OP,675.14,2
657,OP,678.22,2
657,OP,698.57,2
12996,OP,4653.43,2
12996,OP,4613.15,2
12996,OP,4654.52,2
12996,OP,4602.32,2
12996,OP,4458.39,2
12996,OP,4469.54,2
12996,OP,4432.61,2
12996,OP,4478.75,2
12996,OP,4535.39,2
12996,OP,4731.41,2
1015,OP,1015,1
1015,OP,1015,1
1015,OP,1015,1
1218,OP,459.69,2
1218,OP,430.22,2
1218,OP,431.65,2
1218,OP,429.21,2
1218,OP,415.79,2
1218,OP,416.83,2
1218,OP,413.38,2
1218,OP,417.69,2
1218,OP,422.97,2
1218,OP,426.56,2
1222,OP,611,3
12,CASH,12,4
12,CASH,12,4
36,CASH,36,4
36,CASH,36,4
356,OP,157.8,5
356,OP,279.87,5
356,OP,123.94,5
356,OP,123.24,5
356,OP,119.38,5
356,OP,119.68,5
356,OP,118.69,5
356,OP,119.93,5
356,OP,121.45,5
356,OP,122.48,5
1472,OP,554.42,5
1472,OP,521.4,5
1472,OP,518.45,5
1472,OP,502.24,5
1472,OP,503.49,5
1472,OP,499.33,5
1472,OP,504.53,5
1472,OP,510.91,5
1472,OP,515.25,5
196,OP,208.38,5
300,OP,1273.41,5
500,OP,250,5
500,OP,250,5
59,CASH,59,4
59,CASH,59,4
59,CASH,59,4
59,CASH,59,4
59,CASH,59,4
59,CASH,59,4
59,CASH,59,4
59,CASH,59,4
573,CASH,2409.24,2
573,CASH,2409.24,2
585,CASH,2459.69,2
585,CASH,2459.69,2
770,OP,324.42,2
770,OP,325.18,2
770,OP,323.25,2
770,OP,330.64,2
770,OP,330.93,2
770,OP,327.22,2
770,OP,316.99,2
770,OP,317.78,2
770,OP,315.15,2
770,OP,318.43,2
160,CASH,160,4
160,CASH,160,4
27,CASH,27,4
27,CASH,27,4
27,CASH,27,4
27,CASH,27,4
58,CASH,58,4
58,CASH,58,4
701,OP,2948,2
984,CASH,984,1
984,CASH,984,1
762,CASH,762,1
762,CASH,762,1
46.5,CASH,46.5,4
46.5,CASH,46.5,4
46.5,CASH,46.5,4
46.5,CASH,46.5,4
48.5,CASH,48.5,4
48.5,CASH,48.5,4
27,CASH,27,4
27,CASH,27,4
774,CASH,774,1
774,CASH,774,1
524,CASH,524,1
524,CASH,524,1
251,CASH,251,1
251,CASH,251,1
975,CASH,975,1
975,CASH,975,1
395,CASH,395,1
395,CASH,395,1
519,CASH,519,1
519,CASH,519,1
497,CASH,497,1
497,CASH,497,1
283,CASH,283,1
283,CASH,283,1
1261,OP,127,2
1261,OP,126,2
1261,OP,126,2
1261,OP,126,2
1261,OP,126,2
1261,OP,126,2
1261,OP,126,2
1261,OP,126,2
1261,OP,126,2
1261,OP,126,2
696,OP,245.32,2
696,OP,239.26,2
696,OP,238.77,2
696,OP,239.37,2
696,OP,237.39,2
696,OP,239.86,2
696,OP,242.89,2
696,OP,244.96,2
696,OP,247.06,2
364,OP,182,5
187.5,OP,98,5
187.5,OP,89.5,5
636,CASH,636,1
636,CASH,636,1
170,OP,730,2
316,OP,1338.17,2
738,OP,738,1
562,CASH,100,2
562,CASH,100,2
562,OP,154,2
562,OP,154,2
2334,OP,2334,2
430,CASH,430,1
430,CASH,430,1
586,CASH,586,1
586,CASH,586,1
1,CASH,1,1
1,CASH,1,1
2396,OP,245,2
2396,OP,239,2
2396,OP,239,2
2396,OP,239,2
2396,OP,239,2
2396,OP,239,2
2396,OP,239,2
2396,OP,239,2
2396,OP,239,2
3220,OP,805,3
3220,OP,805,3
3220,OP,805,3
3220,OP,805,3
2118,OP,531,3
2118,OP,529,3
2118,OP,529,3
2118,OP,529,3
175,OP,429.23,3
175,OP,306.97,3
175,OP,429.23,3
175,OP,306.97,3
300,OP,643.46,3
300,OP,613.94,3
470,CASH,470,3
470,CASH,470,3
121,CASH,513.45,3
121,CASH,513.45,3
230,CASH,230,3
230,CASH,230,3
152,CASH,320.5,3
152,CASH,320.5,3
152,OP,318.27,3
390,CASH,90,3
390,CASH,90,3
390,OP,100,3
390,OP,100,3
650,CASH,650,3
650,CASH,650,3
228,CASH,485.85,3
228,CASH,485.85,3
228,OP,470.48,3
159,CASH,672.46,3
159,CASH,672.46,3
5,CASH,21.48,6
5,CASH,21.48,6
175,CASH,751.92,6
175,CASH,751.92,6
500.65,CASH,500.65,6
500.65,CASH,500.65,6
175,CASH,751.92,6
175,CASH,751.92,6
41.72,CASH,41.72,6
41.72,CASH,41.72,6
41.72,OP,41.38,6
167.98,OP,167.98,6
487.17,OP,487.17,6
167.99,OP,167.99,6
415.77,OP,415.77,6
167.99,OP,167.99,6
209.98,OP,209.98,6
41.32,CASH,41.32,6
41.32,CASH,41.32,6
